id,first_name,last_name,email,gender,ip_address
1,Iosep,Vesque,ivesque0@berkeley.edu,Bigender,132.216.178.179
2,Elston,Bufton,ebufton1@google.it,Male,12.181.180.42
3,Conni,Templar,ctemplar2@yandex.ru,Female,115.80.132.167
4,Mandy,Deluce,mdeluce3@rakuten.co.jp,Female,226.68.157.35
5,Christabel,Dunsford,cdunsford4@printfriendly.com,Female,53.96.71.132
6,Kent,Gillian,kgillian5@businessweek.com,Male,122.190.250.15
7,Gypsy,Drinkeld,gdrinkeld6@topsy.com,Female,165.236.207.163
8,Selig,Kleeborn,skleeborn7@merriam-webster.com,Male,168.42.112.141
9,Helen-elizabeth,Fassman,hfassman8@apache.org,Non-binary,252.46.8.6
10,Ari,Carnihan,acarnihan9@aboutads.info,Male,214.118.52.218
11,Dan,Peterffy,dpeterffya@dion.ne.jp,Male,92.94.249.129
12,Sybille,Hoolaghan,shoolaghanb@cornell.edu,Female,247.67.130.188
13,Yale,Sabban,ysabbanc@army.mil,Male,122.242.236.134
14,Asher,Cantero,acanterod@cyberchimps.com,Male,36.45.165.90
15,Madelin,Hutchinges,mhutchingese@blog.com,Female,104.119.204.140
16,Ann,Gosland,agoslandf@businessweek.com,Female,3.19.100.69
17,Drew,Hanigan,dhanigang@examiner.com,Male,56.71.222.112
18,Odo,Brotherwood,obrotherwoodh@qq.com,Male,171.246.175.64
19,Katuscha,D'Aguanno,kdaguannoi@cyberchimps.com,Female,85.41.166.46
20,Dana,Shilton,dshiltonj@hugedomains.com,Female,217.20.5.184
21,Vasily,Allinson,vallinsonk@intel.com,Male,154.197.94.6
22,Bonita,Forlonge,bforlongel@desdev.cn,Female,137.205.182.64
23,Evangeline,Rawsen,erawsenm@chron.com,Female,168.52.166.178
24,Drusie,Stayt,dstaytn@meetup.com,Polygender,159.101.190.31
25,Anthiathia,Lambillion,alambilliono@cam.ac.uk,Female,21.51.205.172
26,Briant,Boughton,bboughtonp@creativecommons.org,Male,72.132.149.236
27,Quinta,Rudiger,qrudigerq@infoseek.co.jp,Female,181.204.226.120
28,Conchita,Gaydon,cgaydonr@goo.ne.jp,Female,146.57.47.76
29,Ethelind,Wakenshaw,ewakenshaws@discuz.net,Agender,0.18.172.39
30,Georgianne,Gwynne,ggwynnet@edublogs.org,Female,31.220.100.138
31,Auria,Edeson,aedesonu@chron.com,Female,158.77.161.90
32,Lars,Josskovitz,ljosskovitzv@hibu.com,Male,152.245.128.46
33,Joanna,Chidley,jchidleyw@so-net.ne.jp,Female,27.100.52.119
34,Gran,Maybey,gmaybeyx@canalblog.com,Male,112.236.164.210
35,Haskel,Maus,hmausy@arizona.edu,Male,202.248.209.73
36,Patric,Pocknoll,ppocknollz@wunderground.com,Male,71.184.196.215
37,Goldie,Powton,gpowton10@ihg.com,Female,109.155.128.141
38,Virgil,Hourahan,vhourahan11@gizmodo.com,Genderqueer,161.111.194.233
39,Ruttger,Cescoti,rcescoti12@diigo.com,Male,116.93.10.235
40,Aron,Jedrzejewsky,ajedrzejewsky13@unc.edu,Male,55.48.154.152
41,Danya,Rosen,drosen14@buzzfeed.com,Male,20.253.189.83
42,Calley,McGill,cmcgill15@who.int,Female,32.93.51.143
43,Aurlie,Brangan,abrangan16@smh.com.au,Female,63.152.172.80
44,Benoite,Halt,bhalt17@1und1.de,Female,174.75.69.133
45,Lorette,Brace,lbrace18@examiner.com,Female,121.252.2.227
46,Aubree,Lydford,alydford19@pagesperso-orange.fr,Genderqueer,249.206.46.19
47,Kalila,Osbourne,kosbourne1a@zimbio.com,Female,177.154.48.192
48,Cosette,Hagard,chagard1b@studiopress.com,Female,19.15.225.171
49,Suzanne,Braunes,sbraunes1c@samsung.com,Female,170.76.170.39
50,Eleen,MacFarland,emacfarland1d@geocities.jp,Female,82.174.200.232
51,Malynda,Impey,mimpey1e@unicef.org,Female,205.2.175.87
52,Kayne,Blackleech,kblackleech1f@angelfire.com,Male,150.68.158.90
53,Morgen,Oller,moller1g@ebay.com,Male,223.89.122.139
54,Leia,Mountford,lmountford1h@last.fm,Female,56.246.76.3
55,Tony,Haacker,thaacker1i@examiner.com,Genderqueer,196.184.229.62
56,Alfons,Syred,asyred1j@hao123.com,Genderqueer,36.25.70.239
57,James,McBeath,jmcbeath1k@google.de,Male,73.157.150.254
58,Rockie,Keaysell,rkeaysell1l@weather.com,Polygender,94.105.119.16
59,Herschel,Harner,hharner1m@cornell.edu,Male,230.119.50.17
60,Carr,Bownd,cbownd1n@smugmug.com,Male,59.249.106.224
61,Jacinta,Garfoot,jgarfoot1o@abc.net.au,Genderfluid,87.75.57.5
62,Saundra,Gilbertson,sgilbertson1p@mayoclinic.com,Male,47.126.237.128
63,Rivi,Guerrazzi,rguerrazzi1q@livejournal.com,Female,22.204.47.26
64,Stevie,Noe,snoe1r@ebay.com,Male,108.58.61.251
65,Susy,Hairs,shairs1s@amazon.co.jp,Female,17.109.253.169
66,Damiano,Clemetts,dclemetts1t@smh.com.au,Male,179.95.123.23
67,Clarance,Stannah,cstannah1u@sciencedaily.com,Polygender,235.50.195.94
68,Tawnya,Counter,tcounter1v@seattletimes.com,Female,117.139.102.5
69,Hillary,Petegre,hpetegre1w@360.cn,Female,147.210.36.203
70,Andi,Coggan,acoggan1x@reddit.com,Female,225.199.93.37
71,Dov,Sorsby,dsorsby1y@comcast.net,Male,17.66.205.167
72,Jenelle,Aleksahkin,jaleksahkin1z@canalblog.com,Female,253.77.241.120
73,Giffer,Roderigo,groderigo20@360.cn,Non-binary,226.111.50.6
74,Joli,Wait,jwait21@paginegialle.it,Female,208.189.252.95
75,Ellsworth,Huertas,ehuertas22@hhs.gov,Male,107.166.84.20
76,Burk,Bartle,bbartle23@pen.io,Male,181.84.87.33
77,Lannie,Trustrie,ltrustrie24@live.com,Male,4.68.173.87
78,Stephana,Dodamead,sdodamead25@tripod.com,Female,212.167.144.56
79,Salvatore,Sterricker,ssterricker26@boston.com,Male,225.214.111.92
80,Neilla,Abdee,nabdee27@furl.net,Female,5.42.15.118
81,Hobard,Seiller,hseiller28@oracle.com,Male,253.125.153.239
82,Heindrick,O'Sullivan,hosullivan29@dailymotion.com,Male,131.102.182.188
83,Kare,Tunesi,ktunesi2a@netscape.com,Female,65.170.180.184
84,Adey,Newlands,anewlands2b@ocn.ne.jp,Female,164.153.48.23
85,Gustaf,McGuggy,gmcguggy2c@wordpress.com,Male,122.49.205.167
86,Omar,Rathbourne,orathbourne2d@ihg.com,Male,223.252.139.9
87,Michele,Sayce,msayce2e@adobe.com,Female,202.42.68.96
88,Elmore,Rehme,erehme2f@ft.com,Male,172.149.59.195
89,Elmer,Rickesies,erickesies2g@1688.com,Genderqueer,14.174.69.186
90,Padget,Fawson,pfawson2h@oakley.com,Male,78.54.112.9
91,Hussein,Dearle,hdearle2i@psu.edu,Male,182.117.23.173
92,Eugine,Braunton,ebraunton2j@tamu.edu,Female,239.88.185.11
93,Eugen,Adlam,eadlam2k@nationalgeographic.com,Polygender,161.84.46.245
94,Hamilton,Collar,hcollar2l@360.cn,Male,70.168.245.123
95,Beryle,Taig,btaig2m@china.com.cn,Female,19.179.147.15
96,Thekla,Marxsen,tmarxsen2n@google.pl,Female,175.20.147.28
97,Shelba,St Louis,sstlouis2o@rambler.ru,Non-binary,112.230.24.219
98,Tasia,Cordelette,tcordelette2p@ft.com,Female,192.237.3.36
99,Stoddard,Rawe,srawe2q@mit.edu,Polygender,12.164.169.155
100,Delphine,Dmitr,ddmitr2r@arstechnica.com,Genderfluid,88.138.71.164
